Kunden ID,Geschlecht,Alter,Einkommen,Produkt ID,Preis,Gekauft
1,Frau,42,100000,P03,7000,0
2,Mann,20,77000,P02,3500,1
3,Mann,18,54000,P03,2000,0
4,Mann,25,51000,P02,3500,1
5,Frau,21,35000,P01,3500,0
6,Frau,53,23000,P01,2000,0
7,Frau,60,52000,P03,5000,0
8,Frau,29,20000,P02,2000,0
9,Mann,43,88000,P03,5000,1
10,Mann,26,28000,P02,5000,0
11,Frau,22,70000,P03,2000,1
12,Mann,23,43000,P02,7000,0
13,Frau,63,91000,P02,7000,0
14,Frau,57,78000,P01,2000,0
15,Mann,41,81000,P01,5000,1
16,Frau,43,87000,P03,5000,1
17,Mann,64,58000,P02,2000,0
18,Frau,41,72000,P02,2000,1
19,Mann,22,20000,P02,7000,0
20,Mann,30,36000,P01,3500,0
21,Frau,49,61000,P01,2000,1
22,Mann,36,30000,P02,2000,1
23,Frau,26,81000,P02,3500,1
24,Frau,32,74000,P01,7000,0
25,Frau,42,56000,P01,5000,0
26,Mann,32,92000,P02,3500,1
27,Frau,40,73000,P01,7000,0
28,Frau,39,20000,P02,2000,0
29,Frau,21,47000,P03,3500,0
30,Mann,49,38000,P01,2000,1
31,Frau,31,40000,P03,5000,1
32,Mann,30,34000,P03,2000,0
33,Frau,52,49000,P01,2000,0
34,Mann,35,99000,P02,5000,1
35,Mann,47,41000,P02,3500,0
36,Mann,24,93000,P01,5000,1
37,Mann,54,30000,P03,5000,0
38,Frau,33,66000,P01,7000,0
39,Mann,25,39000,P02,7000,0
40,Mann,64,47000,P03,5000,0
41,Frau,28,67000,P02,7000,0
42,Frau,54,45000,P03,2000,1
43,Mann,39,90000,P03,3500,1
44,Frau,55,26000,P03,7000,0
45,Mann,60,31000,P03,7000,0
46,Frau,36,67000,P02,5000,1
47,Mann,38,21000,P03,7000,0
48,Frau,19,28000,P01,3500,0
49,Frau,33,57000,P01,7000,0
50,Mann,32,71000,P03,3500,1
51,Frau,20,56000,P03,5000,1
52,Frau,43,95000,P01,5000,1
53,Frau,34,48000,P03,7000,0
54,Frau,56,51000,P03,7000,0
55,Mann,58,39000,P01,2000,0
56,Mann,54,24000,P03,2000,0
57,Mann,33,64000,P03,5000,0
58,Mann,23,35000,P01,2000,0
59,Mann,56,95000,P03,5000,1
60,Mann,53,53000,P02,2000,1
61,Frau,36,64000,P01,2000,0
62,Frau,46,68000,P01,7000,0
63,Frau,35,87000,P03,5000,1
64,Frau,43,46000,P01,3500,0
65,Frau,36,28000,P02,5000,0
66,Mann,61,84000,P03,7000,0
67,Mann,63,61000,P01,5000,1
68,Frau,50,33000,P02,2000,1
69,Frau,59,81000,P01,3500,1
70,Frau,59,79000,P03,3500,1
71,Frau,35,73000,P02,5000,1
72,Frau,64,27000,P03,3500,0
73,Frau,45,67000,P02,7000,0
74,Frau,31,82000,P01,5000,1
75,Frau,60,78000,P02,3500,1
76,Frau,37,95000,P02,3500,1
77,Frau,50,38000,P02,7000,0
78,Mann,58,83000,P02,2000,1
79,Mann,61,47000,P01,2000,0
80,Mann,44,85000,P03,2000,1
81,Mann,40,72000,P01,2000,1
82,Mann,33,96000,P01,7000,0
83,Frau,51,31000,P02,3500,1
84,Frau,35,54000,P03,2000,1
85,Frau,26,29000,P02,5000,0
86,Frau,23,74000,P01,5000,1
87,Mann,44,72000,P02,3500,1
88,Mann,18,51000,P01,3500,0
89,Mann,49,62000,P01,3500,0
90,Frau,40,73000,P01,2000,0
91,Mann,54,25000,P03,2000,0
92,Mann,37,90000,P02,2000,1
93,Mann,18,79000,P02,3500,1
94,Frau,24,93000,P01,3500,1
95,Mann,39,37000,P02,3500,1
96,Frau,52,36000,P03,2000,1
97,Mann,20,63000,P01,5000,0
98,Frau,29,37000,P03,5000,0
99,Frau,27,43000,P02,5000,1
100,Frau,37,29000,P03,7000,0
101,Mann,62,89000,P03,7000,0
102,Mann,38,94000,P03,7000,0
103,Frau,20,34000,P03,5000,1
104,Frau,38,22000,P01,3500,0
105,Frau,40,24000,P02,3500,0
106,Mann,29,71000,P03,3500,0
107,Frau,32,47000,P03,3500,0
108,Frau,39,59000,P02,3500,1
109,Frau,51,95000,P03,7000,0
110,Mann,45,97000,P02,7000,0
111,Mann,40,20000,P03,5000,0
112,Frau,21,80000,P02,7000,0
113,Frau,56,61000,P01,5000,0
114,Frau,37,24000,P01,2000,0
115,Frau,28,72000,P02,7000,0
116,Frau,18,40000,P02,2000,0
117,Frau,38,65000,P03,7000,0
118,Mann,45,60000,P03,3500,0
119,Mann,33,84000,P02,2000,1
120,Frau,63,25000,P01,3500,0
121,Frau,21,39000,P01,5000,1
122,Frau,33,83000,P02,5000,1
123,Frau,39,23000,P02,5000,0
124,Frau,37,61000,P02,2000,0
125,Frau,58,38000,P03,2000,0
126,Mann,35,93000,P03,3500,1
127,Mann,32,64000,P02,7000,0
128,Mann,60,41000,P03,7000,0
129,Mann,54,46000,P01,7000,0
130,Mann,50,31000,P03,2000,1
131,Frau,59,97000,P02,3500,1
132,Frau,56,95000,P02,5000,1
133,Frau,39,20000,P01,7000,0
134,Mann,56,36000,P02,5000,1
135,Frau,24,44000,P01,7000,0
136,Mann,61,58000,P02,5000,1
137,Mann,62,40000,P03,5000,0
138,Frau,26,41000,P02,2000,1
139,Frau,27,34000,P03,5000,1
140,Frau,20,98000,P03,3500,1
141,Frau,53,60000,P02,5000,0
142,Frau,41,31000,P02,2000,0
143,Mann,19,25000,P03,3500,0
144,Mann,51,60000,P03,3500,0
145,Mann,21,43000,P01,5000,1
146,Frau,45,32000,P02,3500,1
147,Mann,62,68000,P02,7000,0
148,Mann,64,43000,P03,7000,0
149,Frau,22,44000,P02,7000,0
150,Mann,22,60000,P01,3500,1
151,Mann,58,31000,P03,3500,0
152,Mann,62,60000,P03,7000,0
153,Frau,18,45000,P02,3500,0
154,Mann,38,84000,P01,7000,0
155,Mann,64,41000,P01,2000,0
156,Frau,23,60000,P03,7000,0
157,Frau,24,35000,P01,2000,1
158,Mann,42,67000,P01,5000,1
159,Mann,42,70000,P03,3500,0
160,Frau,59,60000,P01,5000,1
161,Mann,28,22000,P01,5000,0
162,Mann,22,90000,P02,7000,0
163,Mann,28,86000,P01,2000,1
164,Frau,29,51000,P03,7000,0
165,Frau,43,95000,P01,2000,1
166,Frau,35,27000,P01,2000,0
167,Mann,22,63000,P01,7000,0
168,Frau,46,63000,P02,5000,1
169,Frau,22,87000,P02,2000,1
170,Mann,42,53000,P02,5000,1
171,Mann,26,60000,P03,3500,0
172,Frau,26,21000,P02,2000,0
173,Mann,44,60000,P02,3500,1
174,Frau,46,62000,P01,5000,1
175,Mann,52,49000,P03,7000,0
176,Mann,41,84000,P03,5000,1
177,Frau,32,79000,P03,7000,0
178,Frau,32,89000,P01,3500,1
179,Mann,43,42000,P03,7000,0
180,Frau,62,59000,P03,5000,1
181,Frau,57,87000,P02,2000,1
182,Mann,50,65000,P01,7000,0
183,Frau,20,46000,P02,7000,0
184,Frau,50,43000,P02,7000,0
185,Frau,23,79000,P02,3500,1
186,Mann,37,80000,P02,7000,0
187,Frau,38,63000,P02,5000,0
188,Frau,30,34000,P01,7000,0
189,Frau,23,80000,P03,2000,1
190,Frau,30,93000,P01,5000,1
191,Mann,52,35000,P01,5000,1
192,Frau,33,77000,P03,2000,0
193,Frau,36,55000,P02,3500,1
194,Frau,63,84000,P02,3500,1
195,Mann,32,27000,P01,7000,0
196,Frau,48,62000,P02,5000,0
197,Frau,55,41000,P03,2000,0
198,Frau,19,66000,P02,2000,1
199,Mann,56,79000,P03,2000,0
200,Mann,32,100000,P01,5000,1
201,Mann,19,47000,P03,3500,1
202,Mann,48,69000,P02,3500,1
203,Mann,55,49000,P01,5000,1
204,Mann,46,68000,P01,5000,1
205,Mann,56,80000,P01,5000,1
206,Mann,54,82000,P02,5000,1
207,Mann,59,31000,P01,2000,0
208,Frau,48,50000,P02,2000,0
209,Frau,58,95000,P03,7000,0
210,Frau,51,65000,P03,5000,1
211,Mann,39,45000,P02,2000,0
212,Frau,33,35000,P02,3500,1
213,Mann,62,67000,P01,3500,1
214,Mann,33,27000,P02,5000,0
215,Mann,47,47000,P02,7000,0
216,Mann,54,32000,P01,2000,0
217,Frau,45,63000,P03,3500,1
218,Mann,40,84000,P01,5000,1
219,Mann,30,40000,P01,7000,0
220,Mann,20,33000,P02,5000,0
221,Frau,64,60000,P03,5000,0
222,Frau,61,75000,P01,2000,0
223,Frau,50,52000,P01,5000,0
224,Frau,21,49000,P03,3500,0
225,Frau,64,31000,P03,7000,0
226,Frau,57,34000,P01,5000,1
227,Frau,42,76000,P03,5000,0
228,Mann,49,84000,P03,3500,1
229,Frau,55,58000,P02,5000,0
230,Frau,52,48000,P03,7000,0
231,Frau,57,86000,P02,2000,1
232,Frau,30,80000,P01,3500,1
233,Mann,27,52000,P02,3500,0
234,Frau,48,22000,P01,7000,0
235,Mann,45,96000,P03,2000,1
236,Frau,61,79000,P03,7000,0
237,Mann,57,72000,P02,3500,1
238,Mann,49,78000,P01,7000,0
239,Frau,40,100000,P03,5000,1
240,Mann,52,21000,P01,2000,0
241,Mann,59,23000,P03,2000,0
242,Mann,63,41000,P03,2000,1
243,Frau,61,52000,P03,7000,0
244,Mann,60,81000,P03,3500,1
245,Frau,22,98000,P03,3500,1
246,Mann,52,73000,P01,3500,1
247,Mann,52,82000,P02,5000,1
248,Mann,24,90000,P02,3500,1
249,Frau,23,97000,P01,7000,0
250,Frau,52,92000,P01,5000,1
251,Frau,49,38000,P01,2000,1
252,Frau,61,64000,P02,5000,0
253,Frau,48,39000,P03,5000,0
254,Mann,21,93000,P03,3500,1
255,Frau,63,99000,P03,7000,0
256,Mann,44,46000,P03,7000,0
257,Mann,56,97000,P01,3500,1
258,Mann,63,35000,P01,5000,0
259,Frau,41,28000,P02,3500,0
260,Mann,64,92000,P01,3500,1
261,Mann,60,50000,P03,7000,0
262,Mann,60,98000,P02,5000,1
263,Mann,45,86000,P01,3500,1
264,Mann,57,97000,P01,3500,1
265,Frau,31,97000,P02,7000,0
266,Frau,39,31000,P02,7000,0
267,Mann,23,68000,P02,7000,0
268,Mann,23,30000,P03,3500,0
269,Frau,56,89000,P03,5000,1
270,Frau,22,33000,P02,7000,0
271,Frau,47,73000,P01,5000,0
272,Frau,41,63000,P03,7000,0
273,Frau,37,87000,P01,7000,0
274,Mann,28,70000,P03,2000,0
275,Frau,40,20000,P02,2000,0
276,Frau,60,45000,P01,7000,0
277,Frau,56,41000,P03,2000,1
278,Frau,19,34000,P03,3500,1
279,Mann,18,74000,P03,5000,0
280,Frau,63,81000,P03,7000,0
281,Frau,51,23000,P03,5000,0
282,Frau,21,21000,P02,7000,0
283,Frau,28,36000,P03,7000,0
284,Mann,32,45000,P01,3500,0
285,Mann,31,81000,P02,2000,1
286,Frau,34,68000,P01,2000,0
287,Mann,43,34000,P03,3500,1
288,Frau,23,31000,P01,2000,1
289,Frau,24,41000,P02,2000,1
290,Frau,36,90000,P01,7000,0
291,Frau,23,65000,P02,5000,0
292,Mann,18,45000,P03,3500,1
293,Mann,42,40000,P01,2000,0
294,Frau,53,90000,P01,5000,1
295,Mann,24,68000,P01,5000,0
296,Frau,34,77000,P01,7000,0
297,Frau,39,76000,P01,3500,1
298,Mann,29,46000,P01,7000,0
299,Frau,43,28000,P02,2000,0
300,Frau,38,39000,P03,5000,0
301,Frau,53,62000,P02,2000,0
302,Mann,45,38000,P02,2000,0
303,Frau,22,82000,P01,3500,1
304,Mann,55,75000,P01,5000,0
305,Frau,37,26000,P01,5000,0
306,Mann,29,62000,P01,5000,1
307,Frau,47,37000,P03,2000,1
308,Mann,30,82000,P01,5000,1
309,Mann,27,97000,P02,2000,1
310,Frau,52,47000,P03,5000,0
311,Mann,21,24000,P02,7000,0
312,Frau,39,96000,P02,2000,1
313,Mann,32,42000,P03,2000,1
314,Frau,45,72000,P03,2000,1
315,Frau,45,37000,P02,2000,1
316,Frau,30,24000,P02,7000,0
317,Frau,62,36000,P01,2000,0
318,Frau,50,72000,P02,2000,1
319,Mann,58,47000,P01,2000,1
320,Mann,56,87000,P01,3500,1
321,Mann,27,60000,P02,2000,0
322,Mann,22,96000,P03,3500,1
323,Frau,43,49000,P02,5000,0
324,Frau,54,51000,P03,2000,1
325,Mann,47,90000,P01,2000,1
326,Frau,35,28000,P02,5000,0
327,Frau,44,35000,P01,7000,0
328,Frau,22,87000,P01,7000,0
329,Frau,58,49000,P01,7000,0
330,Frau,36,32000,P01,5000,0
331,Mann,52,40000,P03,7000,0
332,Frau,60,45000,P03,5000,0
333,Frau,45,68000,P01,2000,1
334,Mann,57,30000,P03,2000,0
335,Frau,40,67000,P03,7000,0
336,Frau,56,33000,P03,5000,1
337,Mann,35,26000,P03,2000,0
338,Frau,26,35000,P02,5000,1
339,Frau,43,67000,P03,5000,0
340,Mann,41,60000,P02,3500,0
341,Frau,27,27000,P01,2000,0
342,Mann,44,53000,P01,3500,0
343,Frau,50,77000,P01,5000,1
344,Mann,35,34000,P03,3500,1
345,Mann,59,59000,P03,3500,1
346,Mann,46,25000,P03,5000,0
347,Mann,40,31000,P02,7000,0
348,Mann,41,66000,P01,2000,1
349,Mann,19,32000,P01,7000,0
350,Mann,46,31000,P03,3500,1
351,Frau,44,43000,P01,2000,0
352,Mann,46,60000,P01,5000,0
353,Mann,18,58000,P01,7000,0
354,Frau,50,86000,P01,7000,0
355,Frau,41,26000,P02,7000,0
356,Frau,54,93000,P03,2000,1
357,Frau,63,31000,P01,7000,0
358,Frau,33,85000,P01,7000,0
359,Frau,38,77000,P01,7000,0
360,Mann,62,98000,P01,3500,1
361,Mann,37,78000,P01,3500,1
362,Mann,24,95000,P01,7000,0
363,Mann,38,70000,P02,2000,1
364,Frau,53,94000,P02,5000,1
365,Mann,38,97000,P02,5000,1
366,Mann,59,56000,P01,2000,1
367,Frau,35,24000,P01,2000,0
368,Frau,24,90000,P03,5000,1
369,Mann,54,22000,P03,2000,0
370,Mann,23,83000,P01,7000,0
371,Mann,40,70000,P02,2000,0
372,Frau,38,100000,P02,2000,1
373,Frau,52,32000,P02,3500,0
374,Frau,46,84000,P01,5000,1
375,Mann,31,66000,P01,7000,0
376,Frau,53,86000,P03,7000,0
377,Frau,31,35000,P01,7000,0
378,Mann,18,50000,P01,2000,0
379,Mann,45,21000,P02,5000,0
380,Mann,24,91000,P01,5000,1
381,Frau,43,39000,P01,3500,1
382,Frau,40,86000,P01,5000,1
383,Mann,60,51000,P02,7000,0
384,Mann,21,23000,P01,7000,0
385,Frau,54,22000,P03,7000,0
386,Frau,49,23000,P01,7000,0
387,Frau,33,61000,P03,5000,1
388,Mann,57,47000,P01,2000,1
389,Frau,42,33000,P01,7000,0
390,Frau,35,39000,P03,2000,1
391,Mann,62,97000,P01,7000,0
392,Frau,56,90000,P02,3500,1
393,Mann,46,54000,P01,2000,1
394,Mann,36,67000,P03,2000,1
395,Mann,21,40000,P02,7000,0
396,Mann,28,26000,P01,7000,0
397,Mann,25,66000,P02,3500,0
398,Frau,33,70000,P02,5000,0
399,Mann,37,38000,P03,3500,1
400,Mann,34,82000,P03,5000,1
401,Frau,39,92000,P03,5000,1
402,Frau,58,72000,P02,3500,0
403,Frau,30,83000,P02,3500,1
404,Frau,47,67000,P02,2000,0
405,Frau,37,38000,P03,2000,1
406,Mann,55,22000,P02,3500,0
407,Frau,45,79000,P03,5000,1
408,Mann,55,21000,P01,5000,0
409,Mann,57,37000,P02,3500,0
410,Frau,33,89000,P02,7000,0
411,Frau,25,70000,P02,7000,0
412,Mann,28,37000,P03,5000,1
413,Frau,61,21000,P03,2000,0
414,Frau,48,79000,P03,2000,1
415,Mann,47,51000,P02,3500,1
416,Mann,56,95000,P01,5000,1
417,Mann,27,49000,P03,3500,0
418,Frau,62,33000,P03,5000,0
419,Frau,37,41000,P02,2000,1
420,Frau,35,26000,P01,7000,0
421,Mann,24,25000,P03,5000,0
422,Frau,63,81000,P01,2000,1
423,Mann,31,50000,P01,7000,0
424,Mann,25,78000,P03,3500,1
425,Frau,33,91000,P02,3500,1
426,Frau,62,86000,P02,7000,0
427,Frau,51,67000,P01,5000,1
428,Mann,34,36000,P03,3500,1
429,Frau,21,84000,P01,2000,1
430,Frau,35,20000,P03,5000,0
431,Frau,39,21000,P03,2000,0
432,Frau,59,23000,P02,7000,0
433,Mann,55,25000,P03,2000,0
434,Frau,46,69000,P02,2000,0
435,Mann,60,60000,P03,7000,0
436,Frau,31,82000,P02,2000,1
437,Mann,19,43000,P02,2000,1
438,Mann,39,35000,P01,5000,1
439,Frau,58,76000,P01,7000,0
440,Mann,38,30000,P03,7000,0
441,Frau,45,38000,P03,5000,0
442,Frau,41,84000,P02,2000,1
443,Mann,28,56000,P03,3500,1
444,Frau,21,98000,P03,3500,1
445,Mann,52,90000,P03,5000,1
446,Frau,60,81000,P02,7000,0
447,Mann,32,78000,P02,5000,1
448,Frau,22,74000,P03,7000,0
449,Frau,58,28000,P02,5000,0
450,Mann,18,38000,P03,2000,1
451,Mann,52,98000,P02,2000,1
452,Mann,43,20000,P03,7000,0
453,Mann,24,85000,P01,5000,1
454,Frau,58,49000,P01,3500,1
455,Frau,56,41000,P03,7000,0
456,Mann,30,27000,P03,2000,0
457,Mann,32,56000,P01,3500,0
458,Frau,39,41000,P01,2000,1
459,Frau,31,94000,P01,5000,1
460,Frau,35,48000,P02,3500,1
461,Frau,31,83000,P03,2000,1
462,Mann,51,40000,P01,2000,1
463,Mann,42,68000,P02,7000,0
464,Mann,62,24000,P02,3500,0
465,Mann,49,77000,P02,3500,1
466,Mann,19,100000,P03,5000,1
467,Frau,23,79000,P01,5000,0
468,Mann,58,30000,P03,7000,0
469,Mann,59,42000,P01,7000,0
470,Frau,43,55000,P03,2000,1
471,Mann,63,99000,P01,7000,0
472,Frau,42,35000,P02,5000,1
473,Frau,34,46000,P03,5000,0
474,Frau,21,51000,P03,7000,0
475,Frau,18,34000,P02,2000,1
476,Mann,46,98000,P02,5000,1
477,Mann,24,69000,P01,2000,0
478,Mann,57,62000,P01,5000,1
479,Frau,61,20000,P02,2000,0
480,Mann,28,82000,P03,3500,1
481,Mann,60,49000,P01,3500,0
482,Mann,35,64000,P01,7000,0
483,Frau,24,85000,P01,5000,1
484,Frau,23,90000,P02,3500,1
485,Mann,63,78000,P02,7000,0
486,Frau,52,26000,P02,7000,0
487,Mann,30,43000,P03,2000,0
488,Mann,58,63000,P01,3500,1
489,Frau,56,65000,P01,3500,1
490,Mann,28,94000,P03,7000,0
491,Frau,19,90000,P02,2000,1
492,Frau,64,47000,P03,2000,0
493,Frau,47,43000,P01,2000,1
494,Frau,18,52000,P02,2000,1
495,Mann,21,60000,P03,3500,0
496,Mann,61,68000,P01,3500,1
497,Frau,42,62000,P01,3500,1
498,Frau,26,88000,P01,2000,1
499,Mann,27,53000,P03,5000,0
500,Frau,46,77000,P02,7000,0
501,Mann,49,56000,P02,5000,0
502,Mann,35,23000,P02,5000,0
503,Frau,32,72000,P03,7000,0
504,Frau,63,27000,P01,3500,0
505,Mann,40,90000,P02,5000,1
506,Mann,60,68000,P02,3500,1
507,Mann,33,57000,P01,5000,0
508,Frau,39,64000,P03,2000,0
509,Mann,23,64000,P02,5000,0
510,Frau,46,30000,P02,3500,0
511,Mann,33,88000,P03,3500,1
512,Frau,26,79000,P01,3500,0
513,Frau,29,87000,P03,7000,0
514,Frau,40,22000,P03,5000,0
515,Frau,40,80000,P03,2000,0
516,Frau,19,52000,P01,5000,0
517,Mann,51,52000,P03,5000,0
518,Mann,27,20000,P01,7000,0
519,Mann,25,76000,P02,3500,0
520,Mann,46,89000,P01,2000,1
521,Frau,33,98000,P03,3500,1
522,Mann,54,36000,P02,5000,0
523,Mann,64,69000,P03,3500,1
524,Frau,20,80000,P03,5000,0
525,Frau,36,39000,P01,2000,0
526,Mann,57,100000,P02,2000,1
527,Mann,25,91000,P01,7000,0
528,Frau,40,79000,P01,5000,0
529,Frau,29,41000,P02,3500,0
530,Frau,46,28000,P01,2000,0
531,Mann,59,30000,P02,5000,0
532,Mann,55,52000,P01,5000,1
533,Mann,28,59000,P02,5000,0
534,Mann,48,90000,P03,3500,1
535,Mann,62,67000,P02,7000,0
536,Mann,54,21000,P01,7000,0
537,Mann,52,76000,P01,5000,0
538,Frau,39,29000,P01,2000,0
539,Mann,64,68000,P02,7000,0
540,Frau,46,35000,P02,7000,0
541,Frau,38,60000,P01,3500,0
542,Frau,18,51000,P02,5000,0
543,Mann,33,35000,P03,3500,1
544,Frau,26,55000,P03,7000,0
545,Mann,50,28000,P01,7000,0
546,Mann,51,79000,P02,5000,1
547,Frau,35,59000,P02,5000,0
548,Frau,21,66000,P02,5000,0
549,Mann,59,65000,P03,2000,1
550,Frau,61,75000,P01,7000,0
551,Frau,42,39000,P02,3500,0
552,Frau,55,53000,P01,5000,0
553,Mann,20,100000,P01,3500,1
554,Mann,43,71000,P01,3500,1
555,Mann,53,43000,P03,3500,0
556,Frau,32,93000,P03,7000,0
557,Frau,34,93000,P01,3500,1
558,Mann,37,22000,P03,5000,0
559,Frau,24,78000,P02,7000,0
560,Mann,40,82000,P01,5000,1
561,Frau,64,23000,P01,2000,0
562,Frau,40,30000,P01,2000,0
563,Frau,49,81000,P01,2000,1
564,Mann,63,62000,P03,3500,0
565,Frau,47,59000,P01,2000,1
566,Frau,63,86000,P02,5000,1
567,Mann,50,24000,P02,5000,0
568,Frau,39,87000,P02,2000,1
569,Mann,20,23000,P02,3500,0
570,Frau,22,47000,P02,3500,1
571,Mann,60,59000,P01,7000,0
572,Mann,41,20000,P03,5000,0
573,Frau,62,54000,P03,7000,0
574,Mann,41,100000,P01,3500,1
575,Frau,49,69000,P01,3500,1
576,Mann,47,74000,P03,5000,0
577,Mann,51,87000,P01,2000,1
578,Frau,19,50000,P02,3500,1
579,Frau,56,59000,P02,5000,1
580,Mann,63,20000,P01,5000,0
581,Mann,46,48000,P01,5000,1
582,Frau,56,23000,P02,5000,0
583,Frau,19,71000,P01,7000,0
584,Frau,33,94000,P03,5000,1
585,Frau,60,80000,P01,3500,1
586,Frau,57,94000,P02,5000,1
587,Frau,59,53000,P03,7000,0
588,Mann,52,88000,P02,7000,0
589,Frau,30,44000,P03,3500,1
590,Frau,50,48000,P01,2000,1
591,Frau,23,74000,P03,7000,0
592,Frau,28,85000,P01,3500,1
593,Mann,64,27000,P02,3500,0
594,Mann,25,64000,P03,7000,0
595,Frau,28,33000,P02,7000,0
596,Frau,29,27000,P01,5000,0
597,Mann,18,53000,P03,3500,1
598,Mann,62,74000,P02,2000,0
599,Mann,34,76000,P03,5000,1
600,Frau,64,60000,P03,3500,1
601,Mann,27,90000,P03,2000,1
602,Mann,23,86000,P02,5000,1
603,Mann,18,99000,P02,3500,1
604,Frau,24,87000,P03,7000,0
605,Mann,53,21000,P02,3500,0
606,Frau,48,53000,P01,2000,0
607,Mann,22,81000,P03,2000,1
608,Mann,41,76000,P01,5000,0
609,Frau,30,56000,P02,7000,0
610,Frau,49,72000,P03,5000,1
611,Mann,41,52000,P01,3500,0
612,Mann,20,29000,P02,7000,0
613,Frau,27,22000,P02,5000,0
614,Mann,36,23000,P01,5000,0
615,Frau,33,35000,P03,5000,0
616,Frau,28,35000,P02,2000,0
617,Mann,64,54000,P03,3500,1
618,Mann,19,80000,P01,5000,1
619,Frau,54,80000,P03,3500,1
620,Frau,27,86000,P02,3500,1
621,Frau,36,66000,P01,3500,0
622,Frau,61,88000,P03,5000,1
623,Frau,21,28000,P02,5000,0
624,Mann,30,97000,P01,7000,0
625,Frau,37,47000,P01,2000,0
626,Mann,53,45000,P02,7000,0
627,Frau,43,25000,P01,7000,0
628,Frau,51,23000,P03,5000,0
629,Mann,32,28000,P03,2000,0
630,Frau,22,100000,P02,2000,1
631,Frau,34,77000,P01,7000,0
632,Mann,21,77000,P01,2000,0
633,Frau,57,74000,P03,7000,0
634,Mann,62,42000,P03,5000,1
635,Mann,63,99000,P01,7000,0
636,Mann,55,54000,P03,5000,0
637,Frau,49,59000,P03,7000,0
638,Mann,40,31000,P01,3500,1
639,Mann,23,55000,P01,7000,0
640,Frau,64,33000,P03,5000,1
641,Frau,57,91000,P03,7000,0
642,Mann,21,33000,P02,2000,1
643,Mann,40,49000,P02,7000,0
644,Mann,50,89000,P01,2000,1
645,Mann,57,61000,P01,3500,1
646,Frau,61,53000,P02,2000,1
647,Mann,42,25000,P01,7000,0
648,Mann,32,33000,P01,3500,0
649,Frau,41,88000,P03,2000,1
650,Mann,64,30000,P03,5000,1
651,Frau,61,75000,P03,2000,0
652,Mann,57,30000,P02,5000,1
653,Mann,20,92000,P01,3500,1
654,Frau,52,28000,P02,3500,0
655,Frau,42,54000,P03,2000,1
656,Frau,64,43000,P03,5000,0
657,Frau,28,22000,P03,5000,0
658,Mann,59,23000,P01,5000,0
659,Mann,20,86000,P01,5000,1
660,Mann,41,84000,P02,2000,1
661,Frau,39,38000,P01,7000,0
662,Mann,32,21000,P02,5000,0
663,Frau,35,74000,P02,3500,1
664,Mann,59,42000,P01,5000,0
665,Frau,30,100000,P01,3500,1
666,Mann,34,56000,P03,5000,1
667,Mann,49,61000,P02,3500,0
668,Frau,42,55000,P02,7000,0
669,Frau,62,29000,P02,5000,0
670,Mann,47,36000,P01,5000,1
671,Mann,42,56000,P01,7000,0
672,Mann,57,69000,P03,7000,0
673,Frau,19,22000,P03,7000,0
674,Mann,58,43000,P02,7000,0
675,Frau,55,64000,P02,5000,0
676,Frau,63,20000,P02,3500,0
677,Mann,61,21000,P01,3500,0
678,Mann,40,30000,P01,7000,0
679,Mann,52,42000,P01,2000,0
680,Mann,26,64000,P01,2000,1
681,Frau,63,85000,P02,7000,0
682,Frau,44,97000,P03,3500,1
683,Frau,29,22000,P01,3500,0
684,Mann,45,75000,P01,3500,0
685,Frau,38,37000,P01,3500,1
686,Mann,38,64000,P01,3500,1
687,Frau,37,73000,P03,2000,0
688,Mann,23,40000,P03,2000,1
689,Mann,55,32000,P03,2000,1
690,Frau,43,100000,P01,3500,1
691,Frau,58,69000,P03,7000,0
692,Frau,28,57000,P01,5000,0
693,Frau,59,32000,P02,3500,1
694,Mann,50,69000,P02,5000,1
695,Mann,37,49000,P02,2000,1
696,Frau,42,22000,P02,5000,0
697,Mann,53,75000,P01,3500,0
698,Mann,43,64000,P03,7000,0
699,Frau,62,99000,P02,7000,0
700,Frau,43,35000,P01,2000,1
701,Mann,18,69000,P01,7000,0
702,Frau,19,51000,P03,5000,1
703,Frau,24,50000,P02,2000,1
704,Frau,40,79000,P02,2000,0
705,Frau,59,79000,P01,3500,1
706,Mann,60,38000,P02,7000,0
707,Mann,20,37000,P01,7000,0
708,Frau,23,45000,P03,3500,1
709,Frau,21,39000,P03,3500,1
710,Mann,18,41000,P01,7000,0
711,Frau,50,81000,P02,2000,1
712,Frau,18,90000,P01,3500,1
713,Mann,30,84000,P03,5000,1
714,Mann,38,82000,P01,2000,1
715,Frau,31,36000,P02,2000,0
716,Frau,23,81000,P02,7000,0
717,Mann,56,52000,P01,5000,0
718,Mann,64,68000,P03,7000,0
719,Frau,56,69000,P01,3500,0
720,Mann,46,82000,P02,2000,1
721,Frau,33,70000,P01,3500,0
722,Mann,45,55000,P03,7000,0
723,Frau,24,94000,P01,5000,1
724,Mann,55,91000,P01,5000,1
725,Frau,48,80000,P01,2000,0
726,Frau,58,86000,P02,3500,1
727,Mann,50,94000,P02,7000,0
728,Mann,41,36000,P02,2000,0
729,Frau,40,80000,P03,7000,0
730,Frau,34,67000,P03,2000,0
731,Frau,58,90000,P01,7000,0
732,Frau,51,88000,P02,2000,1
733,Mann,52,81000,P01,7000,0
734,Mann,64,83000,P03,5000,1
735,Frau,52,38000,P02,7000,0
736,Frau,43,50000,P01,5000,0
737,Mann,48,29000,P03,3500,0
738,Frau,54,60000,P01,7000,0
739,Mann,19,96000,P01,7000,0
740,Frau,23,43000,P03,2000,1
741,Mann,25,39000,P02,2000,1
742,Mann,40,27000,P02,7000,0
743,Frau,32,88000,P03,2000,1
744,Mann,22,100000,P03,2000,1
745,Mann,37,60000,P02,5000,1
746,Mann,40,64000,P03,2000,1
747,Mann,37,97000,P01,3500,1
748,Mann,32,62000,P01,2000,1
749,Frau,36,30000,P03,7000,0
750,Frau,27,79000,P01,7000,0
751,Frau,22,34000,P03,2000,1
752,Mann,25,54000,P03,7000,0
753,Mann,61,22000,P02,3500,0
754,Mann,24,30000,P01,5000,1
755,Frau,63,50000,P02,5000,1
756,Frau,53,87000,P02,3500,1
757,Frau,21,56000,P02,7000,0
758,Frau,32,60000,P03,2000,1
759,Frau,26,80000,P01,2000,0
760,Frau,62,95000,P03,7000,0
761,Mann,21,64000,P01,5000,1
762,Mann,30,48000,P01,3500,0
763,Mann,25,33000,P02,5000,0
764,Mann,43,69000,P03,7000,0
765,Mann,26,84000,P02,3500,1
766,Frau,39,23000,P02,2000,0
767,Frau,44,59000,P01,2000,1
768,Mann,48,54000,P02,5000,0
769,Frau,39,68000,P01,2000,0
770,Frau,40,98000,P03,3500,1
771,Mann,58,67000,P03,3500,0
772,Mann,52,39000,P01,5000,0
773,Frau,56,49000,P02,3500,0
774,Mann,41,84000,P01,7000,0
775,Frau,43,81000,P02,7000,0
776,Frau,35,55000,P01,2000,1
777,Frau,54,72000,P01,3500,0
778,Frau,41,86000,P03,7000,0
779,Frau,46,83000,P03,3500,1
780,Mann,28,84000,P03,3500,1
781,Frau,61,82000,P02,7000,0
782,Mann,44,79000,P01,7000,0
783,Frau,22,67000,P02,3500,0
784,Frau,49,60000,P02,7000,0
785,Frau,24,69000,P01,2000,0
786,Mann,60,67000,P02,7000,0
787,Frau,36,22000,P03,5000,0
788,Mann,59,46000,P01,2000,1
789,Mann,28,36000,P03,2000,0
790,Frau,24,59000,P02,5000,1
791,Mann,18,76000,P02,3500,0
792,Mann,20,51000,P03,3500,1
793,Frau,61,61000,P01,3500,1
794,Frau,52,59000,P02,3500,1
795,Mann,36,70000,P01,7000,0
796,Mann,57,80000,P03,5000,0
797,Frau,22,51000,P01,5000,0
798,Frau,61,89000,P03,3500,1
799,Frau,48,69000,P02,2000,1
800,Frau,53,38000,P03,5000,0
801,Frau,55,90000,P02,7000,0
802,Frau,37,22000,P02,2000,0
803,Mann,33,42000,P02,3500,0
804,Mann,63,95000,P01,7000,0
805,Frau,39,42000,P02,2000,1
806,Mann,33,87000,P01,2000,1
807,Frau,43,34000,P02,2000,1
808,Frau,37,85000,P01,7000,0
809,Frau,24,99000,P01,7000,0
810,Frau,35,42000,P03,5000,0
811,Frau,21,57000,P03,7000,0
812,Mann,53,66000,P02,5000,0
813,Mann,42,58000,P01,2000,0
814,Mann,42,42000,P01,3500,0
815,Mann,50,50000,P03,3500,0
816,Frau,59,55000,P03,5000,0
817,Mann,47,39000,P02,3500,0
818,Frau,24,62000,P03,5000,1
819,Frau,56,94000,P03,2000,1
820,Mann,22,24000,P02,3500,0
821,Frau,29,88000,P02,7000,0
822,Mann,39,38000,P02,2000,1
823,Mann,31,71000,P03,5000,0
824,Mann,26,56000,P03,7000,0
825,Mann,25,49000,P01,7000,0
826,Mann,33,35000,P02,3500,0
827,Mann,33,75000,P01,2000,1
828,Frau,42,62000,P03,5000,0
829,Mann,45,46000,P03,3500,1
830,Mann,51,94000,P03,3500,1
831,Frau,48,24000,P03,7000,0
832,Frau,29,51000,P01,7000,0
833,Mann,58,21000,P02,5000,0
834,Mann,26,55000,P01,7000,0
835,Mann,28,77000,P01,2000,1
836,Frau,42,58000,P02,5000,0
837,Frau,48,75000,P01,3500,1
838,Frau,46,53000,P03,5000,0
839,Mann,44,64000,P03,3500,1
840,Frau,50,91000,P01,5000,1
841,Frau,30,83000,P01,5000,1
842,Mann,54,51000,P01,2000,0
843,Mann,33,45000,P02,5000,1
844,Frau,36,86000,P03,7000,0
845,Frau,55,79000,P03,2000,1
846,Frau,40,58000,P02,7000,0
847,Mann,21,85000,P01,5000,1
848,Frau,60,23000,P01,2000,0
849,Frau,54,92000,P03,7000,0
850,Frau,19,88000,P02,5000,1
851,Mann,61,46000,P03,7000,0
852,Frau,49,28000,P02,7000,0
853,Frau,48,37000,P02,2000,1
854,Frau,51,62000,P01,3500,0
855,Frau,45,62000,P03,3500,0
856,Frau,64,49000,P02,5000,0
857,Mann,40,81000,P01,3500,1
858,Frau,51,88000,P03,5000,1
859,Frau,32,64000,P02,2000,1
860,Frau,18,23000,P02,3500,0
861,Frau,59,91000,P01,2000,1
862,Mann,56,95000,P02,3500,1
863,Frau,47,61000,P03,2000,0
864,Frau,22,44000,P01,3500,0
865,Frau,41,21000,P01,5000,0
866,Frau,20,20000,P02,7000,0
867,Mann,63,62000,P02,5000,1
868,Frau,63,37000,P02,3500,0
869,Mann,24,43000,P01,7000,0
870,Frau,33,35000,P01,3500,1
871,Mann,40,99000,P01,3500,1
872,Frau,36,54000,P01,3500,1
873,Mann,56,30000,P02,7000,0
874,Mann,31,72000,P02,7000,0
875,Mann,52,53000,P02,5000,1
876,Frau,35,21000,P01,5000,0
877,Mann,55,40000,P03,7000,0
878,Mann,52,40000,P02,7000,0
879,Frau,23,35000,P01,3500,1
880,Frau,52,24000,P02,5000,0
881,Frau,26,63000,P01,3500,1
882,Mann,29,34000,P03,3500,1
883,Frau,22,88000,P03,5000,1
884,Mann,54,29000,P02,2000,0
885,Mann,18,62000,P01,5000,0
886,Mann,30,50000,P03,2000,0
887,Mann,57,36000,P03,3500,1
888,Frau,58,20000,P03,7000,0
889,Frau,25,40000,P01,5000,0
890,Mann,47,20000,P03,5000,0
891,Frau,47,28000,P01,2000,0
892,Mann,58,95000,P03,7000,0
893,Frau,56,37000,P02,7000,0
894,Frau,35,33000,P02,7000,0
895,Mann,28,76000,P02,3500,0
896,Mann,49,55000,P02,2000,1
897,Frau,22,39000,P02,7000,0
898,Frau,41,92000,P02,2000,1
899,Mann,61,42000,P03,2000,0
900,Mann,37,74000,P03,2000,1
901,Mann,60,78000,P01,5000,0
902,Mann,18,47000,P01,2000,0
903,Mann,59,62000,P02,5000,0
904,Frau,62,87000,P01,3500,1
905,Mann,44,33000,P02,2000,0
906,Frau,33,73000,P02,5000,1
907,Mann,57,28000,P02,3500,0
908,Mann,23,20000,P02,5000,0
909,Mann,28,20000,P02,5000,0
910,Frau,51,77000,P01,3500,1
911,Frau,49,84000,P03,2000,1
912,Mann,27,59000,P03,7000,0
913,Mann,19,67000,P03,5000,1
914,Frau,31,89000,P03,3500,1
915,Frau,34,28000,P01,3500,0
916,Frau,30,27000,P03,2000,0
917,Mann,57,76000,P03,5000,1
918,Mann,21,38000,P03,7000,0
919,Frau,41,45000,P02,5000,0
920,Mann,52,24000,P03,7000,0
921,Frau,42,30000,P01,5000,1
922,Mann,26,67000,P03,7000,0
923,Mann,52,34000,P03,3500,0
924,Mann,21,80000,P01,5000,1
925,Frau,56,45000,P02,3500,0
926,Mann,27,20000,P02,7000,0
927,Frau,26,51000,P03,7000,0
928,Frau,44,93000,P03,7000,0
929,Frau,32,47000,P01,2000,1
930,Frau,25,33000,P02,7000,0
931,Frau,30,88000,P01,3500,1
932,Frau,38,91000,P01,3500,1
933,Mann,59,62000,P03,5000,0
934,Frau,30,55000,P02,7000,0
935,Mann,51,87000,P03,3500,1
936,Mann,39,42000,P03,7000,0
937,Frau,64,93000,P02,2000,1
938,Frau,45,74000,P02,2000,1
939,Mann,41,44000,P01,3500,1
940,Mann,37,39000,P02,7000,0
941,Mann,61,28000,P03,2000,0
942,Frau,63,70000,P03,3500,0
943,Frau,56,86000,P01,5000,1
944,Mann,38,81000,P03,7000,0
945,Mann,18,73000,P02,7000,0
946,Mann,30,67000,P03,5000,0
947,Frau,42,77000,P03,5000,0
948,Mann,61,67000,P03,3500,1
949,Mann,59,92000,P02,2000,1
950,Frau,29,77000,P01,7000,0
951,Frau,61,46000,P02,5000,0
952,Frau,63,25000,P01,2000,0
953,Frau,29,94000,P03,5000,1
954,Mann,29,69000,P03,7000,0
955,Frau,24,36000,P03,5000,1
956,Frau,42,39000,P03,5000,0
957,Frau,28,63000,P01,5000,1
958,Frau,34,73000,P01,3500,1
959,Frau,50,27000,P01,7000,0
960,Frau,40,92000,P01,7000,0
961,Frau,52,53000,P02,5000,1
962,Mann,34,70000,P03,3500,0
963,Mann,29,60000,P03,5000,1
964,Mann,38,96000,P01,3500,1
965,Mann,63,83000,P02,2000,1
966,Frau,40,99000,P03,2000,1
967,Mann,39,45000,P03,2000,0
968,Mann,52,40000,P02,3500,1
969,Mann,31,37000,P03,2000,1
970,Mann,64,76000,P01,7000,0
971,Mann,37,27000,P01,2000,0
972,Mann,25,58000,P02,7000,0
973,Mann,30,81000,P03,7000,0
974,Frau,56,97000,P03,2000,1
975,Mann,54,59000,P01,7000,0
976,Mann,38,59000,P03,5000,0
977,Frau,24,74000,P03,2000,0
978,Mann,24,87000,P02,2000,1
979,Mann,25,76000,P02,3500,0
980,Mann,43,56000,P02,5000,1
981,Mann,39,88000,P02,7000,0
982,Mann,53,33000,P01,3500,0
983,Frau,21,60000,P03,7000,0
984,Mann,24,72000,P03,7000,0
985,Mann,21,72000,P01,7000,0
986,Frau,35,43000,P01,2000,0
987,Frau,24,23000,P01,7000,0
988,Frau,35,55000,P02,7000,0
989,Mann,34,90000,P01,3500,1
990,Frau,38,40000,P01,2000,1
991,Frau,27,49000,P02,5000,1
992,Mann,30,82000,P02,5000,1
993,Mann,33,92000,P01,2000,1
994,Frau,41,27000,P03,5000,0
995,Mann,43,20000,P02,5000,0
996,Mann,21,73000,P02,5000,1
997,Mann,62,54000,P01,5000,0
998,Frau,41,20000,P03,2000,0
999,Mann,22,29000,P03,5000,0
1000,Frau,49,36000,P03,3500,0